username,firstname,lastname,password
jsmith,John,Smith,ae5b8169a90450ea6a7c02141e6e23edd05445ce8dc0f4e88755662f68e7b1d8
janesmith,Jane,Smith,1ec1c26b50d5d3c58d9583181af8076655fe00756bf7285940ba3670f99fcba0
joesmith,Joe,Smith,d36b64ab65a070c68f3abaefead8c16578a28bc3bf61edf1820c3dbcee326d4a
jimsmith,Jim,Smith,2e363dfd1cc6b456fb5317330d9b0b9563e53c73ff62dda191014ff47bce8071
jacksmith,Jack,Smith,0b68adf07ba63557f7329a6c12281d1d6a3da7217f2842f333b746f9c241ec74
johndoe,John,Doe,bcd8022bb4a54b725548ed30c52afbb4a3298df17d6a9dfaaca773c6bf6fe984
janedoe,Jane,Doe,c73b73ae0ff1e2c92757715f7a63f50e0389af2851299d3168665ee00a84dadb
msanders,Michael,Sanders,cd10cb70e3a9cb9df8d83c6e4d62f08e4282c95a9fdaf8e685e38c7089be5c23
boballen,Bob,Allen,b9d38ee7722d94242626ded4bf70944bed140500aeeb4290889b8e63fca442b6
jamesq,James,Quimbly,9e14d29be986bc0d67b37119f39688257f4560cc86c19afe9664badb03442daa
mscott,Michael,Scott,2393e0c47e97c81dd4b1f8b2da5d10bb78df1b1c075f2454b56e5a4567822985
jhalprin,Jim,Halprin,723c52ea3d871a1cd83e2f65ab46cc625a86f03f94de9e4e2c9c500997e376d3
tjones,Teresa,Jones,5ad85c288a950ad857108e8e59e472aaba94fdeb80ef34b1d9c33ec21e3fc1ac
tomjones,Tommy,Jones,b011b23549a8b2c4c9f54be45ed0900e804008fba99f9b10d19e0e39a4508144
greggjones,Gregg,Jones,1be1a5a3ea5ccb58bd531394c90aa60e0c1bc5d69a311e15a0d152469f732bae
dthompson,Daniel,Thompson,7b4060612468d9e9e13ab1aa64f100d49973cf3f392148e56e12ea8161593ea0
pjones,Pamela,Jones,ca9deb63e852cd7d28e9919cc8e3280951fd4034c6bf0eccef45e50038ae7213
fsmith,Fred,Smith,2d0d37595edef590c6a4075445ed84dcb71ecf415d8d1c403aaee90dc619f091
fransmith,Fran,Smith,168e00f951584fb1027cdfaa2e9862254a4cc53e6aaee1bf95c9604222dc0a0f
cthompson,Chris,Thompson,bbe13e68571c1a3d5c4481852ea072dfe92d5e63894e6d62f916ae47cbcfb871